uf,mun,nm_mun,capital,eleitores
sp,71072,SÃO PAULO,TRUE,9135407
rj,60011,RIO DE JANEIRO,TRUE,4950429
df,97012,BRASÍLIA,TRUE,2253132
mg,41238,BELO HORIZONTE,TRUE,1961282
ba,38490,SALVADOR,TRUE,1951716
ce,13897,FORTALEZA,TRUE,1790337
am,02550,MANAUS,TRUE,1472138
pr,75353,CURITIBA,TRUE,1410995
pe,25313,RECIFE,TRUE,1228592
rs,88013,PORTO ALEGRE,TRUE,1061485
pa,04278,BELÉM,TRUE,1047264
go,93734,GOIÂNIA,TRUE,1016153
sp,64777,GUARULHOS,FALSE,948410
sp,62910,CAMPINAS,FALSE,870672
ma,09210,SÃO LUÍS,TRUE,756232
rj,58971,SÃO GONÇALO,FALSE,653494
al,27855,MACEIÓ,TRUE,644011
ms,90514,CAMPO GRANDE,TRUE,640427
rj,58335,DUQUE DE CAXIAS,FALSE,635079
sp,70750,SÃO BERNARDO DO CAMPO,FALSE,626746
rj,58696,NOVA IGUAÇU,FALSE,615377
pi,12190,TERESINA,TRUE,592180
pb,20516,JOÃO PESSOA,TRUE,585279
sp,67890,OSASCO,FALSE,583505
sp,70572,SANTO ANDRÉ,FALSE,573162
rn,17612,NATAL,TRUE,570517
sp,70998,SÃO JOSÉ DOS CAMPOS,FALSE,539147
mg,54038,UBERLÂNDIA,FALSE,538195
sp,71455,SOROCABA,FALSE,529973
pe,24570,JABOATÃO DOS GUARARAPES,FALSE,498144
sp,69698,RIBEIRÃO PRETO,FALSE,471128
mg,43710,CONTAGEM,FALSE,463243
mt,90670,CUIABÁ,TRUE,456007
sc,81795,JOINVILLE,FALSE,441735
ba,35157,FEIRA DE SANTANA,FALSE,434532
se,31054,ARACAJU,TRUE,421501
sc,81051,FLORIANÓPOLIS,TRUE,420430
rj,58653,NITERÓI,FALSE,411407
mg,47333,JUIZ DE FORA,FALSE,394921
pr,76678,LONDRINA,FALSE,393986
rj,58190,CAMPOS DOS GOYTACAZES,FALSE,370237
ro,00035,PORTO VELHO,TRUE,368124
es,56995,SERRA,FALSE,361293
pa,04154,ANANINDEUA,FALSE,358317
sp,70718,SANTOS,FALSE,348122
es,57037,VILA VELHA,FALSE,347204
rj,58041,BELFORD ROXO,FALSE,346337
sp,70971,SÃO JOSÉ DO RIO PRETO,FALSE,343635
rs,85995,CAXIAS DO SUL,FALSE,342369
go,92274,APARECIDA DE GOIÂNIA,FALSE,341027
rj,59013,SÃO JOÃO DE MERITI,FALSE,340546
sp,66192,JUNDIAÍ,FALSE,337017
sp,67130,MOGI DAS CRUZES,FALSE,333816
sp,63770,DIADEMA,FALSE,330970
ap,06050,MACAPÁ,TRUE,321591
sp,66893,MAUÁ,FALSE,310360
sp,68756,PIRACICABA,FALSE,310331
pb,19810,CAMPINA GRANDE,FALSE,304181
pr,76910,MARINGÁ,FALSE,301817
pe,24910,OLINDA,FALSE,301743
mg,41335,BETIM,FALSE,301224
sp,62138,BARUERI,FALSE,297546
sp,63134,CARAPICUÍBA,FALSE,290536
go,92215,ANÁPOLIS,FALSE,287888
mg,48658,MONTES CLAROS,FALSE,283455
sp,62197,BAURU,FALSE,277509
es,56251,CARIACICA,FALSE,274219
ac,01392,RIO BRANCO,TRUE,270350
sc,80470,BLUMENAU,FALSE,268254
es,57053,VITÓRIA,TRUE,266229
sp,69213,PRAIA GRANDE,FALSE,264214
ba,39659,VITÓRIA DA CONQUISTA,FALSE,264091
pr,77771,PONTA GROSSA,FALSE,258079
sp,65633,ITAQUAQUECETUBA,FALSE,258000
sp,71218,SÃO VICENTE,FALSE,255916
pe,23817,CARUARU,FALSE,254214
pa,05355,SANTARÉM,FALSE,253097
rs,85898,CANOAS,FALSE,252875
ce,13730,CAUCAIA,FALSE,249345
pe,25216,PETROLINA,FALSE,248185
rs,87912,PELOTAS,FALSE,243865
sp,64254,FRANCA,FALSE,241708
rr,03018,BOA VISTA,TRUE,241158
rj,58777,PETRÓPOLIS,FALSE,239478
sp,71838,TAUBATÉ,FALSE,239475
pr,74934,CASCAVEL,FALSE,239319
sp,64750,GUARUJÁ,FALSE,238496
pe,25135,PAULISTA,FALSE,237124
mg,54011,UBERABA,FALSE,236430
sp,71510,SUZANO,FALSE,235449
pr,78859,SÃO JOSÉ DOS PINHAIS,FALSE,227068
rj,59250,VOLTA REDONDA,FALSE,221987
sp,66397,LIMEIRA,FALSE,219188
to,73440,PALMAS,TRUE,218504
mg,50911,RIBEIRÃO DAS NEVES,FALSE,218486
sp,71579,TABOÃO DA SERRA,FALSE,211993
ba,34134,CAMAÇARI,FALSE,210364
pr,75639,FOZ DO IGUAÇU,FALSE,206944
sp,64017,EMBU DAS ARTES,FALSE,206357
rs,88412,SANTA MARIA,FALSE,206350
pa,05835,PARAUAPEBAS,FALSE,200937
