# FICTÍCIAS, só para demonstrar as cores no replay de 2022: resultado final de 2022 por UF (válidos) menos uma
# diferença sorteada de -4 a +4 p.p. para cada candidato (semente 4). Usado só por R/replay_2022.R.
uf,lula,bolsonaro,outros
AC,28.6,59.8,11.6
AL,60.4,35.9,3.7
AM,51.2,42.6,6.2
AP,47.5,42.9,9.6
BA,67.2,26.4,6.4
CE,67.8,22.4,9.8
DF,35.1,50.4,14.5
ES,37.2,52.4,10.4
GO,35.9,48.4,15.7
MA,72.3,26.3,1.4
MG,46.3,42.6,11.1
MS,40.8,53.6,5.6
MT,37.6,63.8,-1.4
PA,48.6,36.8,14.6
PB,64.9,31.7,3.4
PE,65.6,29.4,5
PI,70.5,22.5,7
PR,35.3,52,12.7
RJ,37,54.4,8.6
RN,60.9,27.8,11.3
RO,27.3,61.2,11.5
RR,19.1,67.8,13.1
RS,42.2,48.4,9.4
SC,29.6,63.1,7.3
SE,62.6,27.2,10.2
SP,38.2,44.5,17.3
TO,50.5,41.5,8
