turno,nivel,locais,pct_eleit,mae_PT,mae_PT_aptos,rmse_PT,mae_PL,ref_mae,ref_rmse,amostra
1,1,88766,97.15,3.92,3.88,5.26,3.6,5.08,6.95,todas
1,2,799,0.56,5.03,5.02,7.34,4.46,5.1,7.19,todas
1,3,2027,1.71,5.45,5.41,7.24,4.89,5.24,7.22,todas
1,4,860,0.53,6,5.47,9.33,5.24,5.81,9.21,todas
1,5,65,0.05,4.92,4.94,6.71,4.5,4.91,6.7,todas
2,1,88767,97.15,2.06,2.07,2.89,2.06,4.79,6.61,todas
2,2,799,0.56,3.46,3.46,5.18,3.46,4.74,6.78,todas
2,3,2027,1.71,3.96,3.96,5.52,3.96,4.97,6.91,todas
2,4,860,0.53,5.37,4.94,8.78,5.37,5.52,8.95,todas
2,5,65,0.05,4.64,4.65,6.49,4.64,4.63,6.48,todas
1,1,67810,97.69,3.99,3.97,5.36,3.71,5.08,6.96,sem_MG_ES_BA_SE
1,2,645,0.57,4.59,4.59,6.8,4.14,4.96,7.09,sem_MG_ES_BA_SE
1,3,1419,1.34,5.64,5.59,7.53,5.15,5.57,7.56,sem_MG_ES_BA_SE
1,4,564,0.41,6.32,5.4,10.54,5.52,6.16,10.44,sem_MG_ES_BA_SE
1,5,6,0,8.61,8.6,9.56,7.68,8.49,9.35,sem_MG_ES_BA_SE
2,1,67811,97.69,2.1,2.11,2.93,2.1,4.77,6.59,sem_MG_ES_BA_SE
2,2,645,0.57,3.21,3.23,4.78,3.21,4.58,6.65,sem_MG_ES_BA_SE
2,3,1419,1.34,4.11,4.1,5.81,4.11,5.34,7.26,sem_MG_ES_BA_SE
2,4,564,0.41,5.62,4.86,9.97,5.62,5.87,10.2,sem_MG_ES_BA_SE
2,5,6,0,8.62,8.66,9.37,8.62,8.46,9.23,sem_MG_ES_BA_SE
