turno,w,locais,mae,rmse,ref_mae
1,0,799,5.46584753626939,7.70715310188272,5.09931165376243
2,0,799,3.94503568571928,5.68968047230864,4.74084720838232
1,0.25,799,5.15380992083657,7.38088661939766,5.09931165376243
2,0.25,799,3.61098535449672,5.30476797487219,4.74084720838232
1,0.5,799,5.03036464357483,7.34292156833959,5.09931165376243
2,0.5,799,3.45951256698544,5.18258092038936,4.74084720838232
1,0.75,799,5.19863386219835,7.60113772877535,5.09931165376243
2,0.75,799,3.54228833547444,5.32050608457694,4.74084720838232
1,1,799,5.70254755565637,8.13758603780336,5.09931165376243
2,1,799,3.8817582274579,5.71340908327532,4.74084720838232
