uf,mun,el,el45,pct45,nm_mun
BA,39136,90162,90162,100,SIMÕES FILHO
ZZ,29955,78833,78833,100,LISBOA
ZZ,30341,47676,47676,100,PORTO
ZZ,30112,40104,40104,100,MIAMI
ZZ,99490,26411,26411,100,ORLANDO
ZZ,30228,39026,17159,44,NOVA YORK
PA,4359,77425,16989,21.9,BREVES
BA,35734,129771,15889,12.2,ILHÉUS
BA,34819,12869,12869,100,CORIBE
ZZ,30627,30062,12701,42.2,TÓQUIO
MG,41378,11602,11602,100,BICAS
ZZ,30783,18193,10814,59.4,WASHINGTON
ZZ,30120,24632,9615,39,MILÃO
MG,46876,30041,8965,29.8,ITURAMA
ZZ,29980,18311,8941,48.8,LOS ANGELES
ZZ,29416,53406,8723,16.3,BOSTON
ZZ,30449,14197,8648,60.9,ROMA
RN,16390,45294,8159,18,CAICÓ
ZZ,30635,21005,7890,37.6,TORONTO
ZZ,30180,13411,6974,52,MUNIQUE
ZZ,30198,44570,6785,15.2,NAGÓIA
SP,71137,60396,6721,11.1,SÃO ROQUE
PE,23329,12111,6644,54.9,SANTA FILOMENA
MG,40363,6638,6638,100,LIMEIRA DO OESTE
ZZ,29513,12480,5899,47.3,CHICAGO
PE,25437,43587,4854,11.1,SALGUEIRO
RR,3107,9121,4743,52,UIRAMUTÃ
RN,16020,13224,4693,35.5,SERRA DO MEL
MT,98779,5503,4620,84,NOVO SÃO JOAQUIM
ZZ,39063,12113,4541,37.5,VANCOUVER
RN,18236,27732,4469,16.1,SANTA CRUZ
ZZ,99503,4459,4459,100,EDIMBURGO
PA,4170,39254,4454,11.3,AUGUSTO CORRÊA
SP,67873,29540,4417,15,ORLÂNDIA
MT,73709,4323,4323,100,BOA ESPERANÇA DO NORTE
AP,6076,22254,4270,19.2,MAZAGÃO
ZZ,29661,16794,4213,25.1,DUBLIN
MG,41815,8701,4167,47.9,BUENO BRANDÃO
PB,19178,9338,4136,44.3,ARARA
ZZ,39080,16321,4110,25.2,ATLANTA
SC,83550,36959,4086,11.1,TIJUCAS
RS,89036,17151,4039,23.5,SARANDI
ZZ,29386,15141,3947,26.1,BERLIM
MG,52396,19168,3895,20.3,SÃO GONÇALO DO SAPUCAÍ
BA,34894,4653,3834,82.4,CRAVOLÂNDIA
MG,45853,8433,3824,45.3,IAPU
SC,83593,15087,3747,24.8,TRÊS BARRAS
ZZ,29696,12999,3699,28.5,FRANKFURT
MT,90140,4120,3655,88.7,NOVA GUARITA
SP,67490,14490,3638,25.1,NAZARÉ PAULISTA
BA,34878,11761,3617,30.8,COTEGIPE
BA,39535,18300,3540,19.3,URUÇUCA
RN,16195,30344,3487,11.5,APODI
ZZ,30503,15530,3476,22.4,SÃO FRANCISCO
SC,82678,25735,3407,13.2,PORTO UNIÃO
RN,18473,19522,3384,17.3,SÃO MIGUEL
RN,18279,11164,3332,29.8,SANTANA DO MATOS
ZZ,29742,13734,3195,23.3,HAMAMATSU
ZZ,30457,12806,3093,24.2,AMSTERDÃ
GO,95397,18853,3047,16.2,PIRACANJUBA
AL,28215,10035,3038,30.3,OURO BRANCO
PB,19968,7922,2882,36.4,MARCAÇÃO
MT,90360,6044,2821,46.7,NOVA MONTE VERDE
SP,64890,9098,2780,30.6,IBIRÁ
MT,91995,11222,2760,24.6,SÃO JOSÉ DO RIO CLARO
MT,90220,8043,2723,33.9,TABAPORÃ
PA,4340,18280,2723,14.9,AURORA DO PARÁ
PA,4189,24714,2679,10.8,IPIXUNA DO PARÁ
RS,87246,20503,2669,13,NOVA SANTA RITA
ZZ,99511,2668,2668,100,MARSELHA
RO,710,4523,2616,57.8,SÃO FELIPE D&apos;OESTE
PB,19410,6683,2597,38.9,BELÉM DO BREJO DO CRUZ
PA,5258,20377,2591,12.7,SALVATERRA
BA,35890,19085,2578,13.5,IRAQUARA
MG,48097,11181,2568,23,MARTINHO CAMPOS
AP,6114,7893,2519,31.9,FERREIRA GOMES
ZZ,29807,16465,2504,15.2,HOUSTON
BA,39616,7321,2474,33.8,VÁRZEA DO POÇO
RN,17051,5751,2458,42.7,JAPI
RR,3050,13421,2366,17.6,ALTO ALEGRE
MG,49239,7248,2301,31.7,OURO VERDE DE MINAS
MT,91391,14533,2257,15.5,POXORÉU
MG,44792,16516,2233,13.5,ERVÁLIA
PE,23957,11272,2228,19.8,CORTÊS
PA,4847,5438,2207,40.6,SAPUCAIA
CE,15199,12131,2180,18,PIQUET CARNEIRO
MT,91049,2616,2179,83.3,SANTA RITA DO TRIVELATO
RN,16918,12924,2134,16.5,IPANGUAÇU
MG,53252,7082,2122,30,SERICITA
PB,21199,11032,2064,18.7,PAULISTA
MG,51799,6048,2060,34.1,SANTANA DO RIACHO
RR,3077,12356,2026,16.4,BONFIM
PI,10898,8738,1969,22.5,GUADALUPE
MG,48550,15420,1947,12.6,MONTE ALEGRE DE MINAS
PR,74586,8594,1926,22.4,NOVA LARANJEIRAS
CE,15350,15911,1884,11.8,RERIUTABA
MG,42021,7485,1878,25.1,DELTA
SC,80624,3505,1878,53.6,PASSOS MAIA
SE,31135,8149,1823,22.4,BREJO GRANDE
PR,77836,3008,1805,60,PORTO RICO
BA,37915,12768,1784,14,PINDAÍ
BA,37451,8225,1732,21.1,MUNIZ FERREIRA
PR,76554,4007,1717,42.9,KALORÉ
PR,75507,5674,1709,30.1,PEROBAL
RR,3123,9772,1703,17.4,PACARAIMA
BA,38938,14500,1684,11.6,SÁTIRO DIAS
PB,19577,10777,1681,15.6,BREJO DO CRUZ
GO,93289,4029,1678,41.6,VILA BOA
MT,89915,7127,1630,22.9,JAURU
PB,19429,3300,1613,48.9,SÃO DOMINGOS
PR,78034,3226,1606,49.8,RANCHO ALEGRE
ZZ,30805,3130,1517,48.5,WELLINGTON
BA,34363,8724,1476,16.9,CARAÍBAS
RR,3093,14426,1476,10.2,MUCAJAÍ
PI,10642,3903,1467,37.6,BREJO DO PIAUÍ
PI,12009,5381,1443,26.8,SÃO JOÃO DA FRONTEIRA
SE,31976,11851,1411,11.9,PACATUBA
RN,16578,4089,1402,34.3,CORONEL JOÃO PESSOA
RR,3000,7658,1401,18.3,CAROEBE
PR,74225,12055,1339,11.1,CANDÓI
AP,6009,4031,1310,32.5,PRACUÚBA
MT,98795,3318,1280,38.6,NOVO HORIZONTE DO NORTE
RN,18910,5612,1275,22.7,VÁRZEA
ZZ,30104,3975,1259,31.7,MEXICO
MG,43230,3291,1249,38,CHIADOR
MG,42447,3159,1228,38.9,UNIÃO DE MINAS
AM,2593,10107,1192,11.8,MARAÃ
ZZ,29491,6261,1185,18.9,CAMBERRA
SE,31933,6294,1176,18.7,NOSSA SENHORA DE LOURDES
RN,18333,4467,1173,26.3,SÃO BENTO DO TRAIRÍ
RS,86827,2078,1164,56,INHACORÁ
PI,11118,5137,1148,22.3,LANDRI SALES
PR,78697,8550,1136,13.3,SÃO JERÔNIMO DA SERRA
PI,10243,5417,1087,20.1,CORONEL JOSÉ DIAS
RS,86231,4097,1071,26.1,DAVID CANABARRO
PR,78654,4803,1056,22,SANTO INÁCIO
PR,79898,6598,1050,15.9,VERA CRUZ DO OESTE
RS,84913,2023,1015,50.2,VANINI
RS,87432,4024,1007,25,MATA
ZZ,30392,996,996,100,QUITO
CE,14770,8294,971,11.7,MORAÚJO
RO,353,6825,947,13.9,SANTA LUZIA D&apos;OESTE
RS,86142,4083,921,22.6,TRÊS PALMEIRAS
PB,21210,4114,918,22.3,PEDRA BRANCA
RS,87076,3642,909,25,ILÓPOLIS
MG,48291,4982,908,18.2,MENDES PIMENTEL
MG,42013,4434,897,20.2,CAIANA
RS,86940,5555,896,16.1,MANOEL VIANA
RS,86487,8141,887,10.9,CANDIOTA
RS,89710,4552,869,19.1,TAVARES
ZZ,30244,2197,866,39.4,OSLO
AP,6068,6311,847,13.4,CUTIAS
MG,40479,4954,837,16.9,ALVORADA DE MINAS
RS,87181,2410,832,34.5,NICOLAU VERGUEIRO
BA,37079,7911,809,10.2,MALHADA DE PEDRAS
ZZ,29637,776,776,100,DAMASCO
SE,31216,4715,773,16.4,CANHOBA
MG,45470,4120,762,18.5,GONÇALVES
RN,16187,3945,755,19.1,VENHA-VER
BA,37834,6584,743,11.3,PEDRÃO
MT,90964,3537,721,20.4,NOVA NAZARÉ
RS,85669,2830,721,25.5,TAQUARUÇU DO SUL
BA,35173,5564,719,12.9,FIRMINO ALVES
GO,93424,3977,719,18.1,PORTEIRÃO
RS,86754,6785,718,10.6,SÃO VICENTE DO SUL
PI,11193,4339,701,16.2,MARCOS PARENTE
PE,24414,4256,688,16.2,INGAZEIRA
PB,19860,4154,650,15.6,SÃO FRANCISCO
RS,87599,4143,648,15.6,NOVA ARAÇÁ
SP,61840,5124,639,12.5,TAQUARIVAÍ
PB,19542,2620,602,23,SÃO JOSÉ DO BREJO DO CRUZ
SP,61212,3665,600,16.4,ALTO ALEGRE
RN,18317,4267,563,13.2,SÃO BENTO DO NORTE
RS,87742,2247,560,24.9,SÃO JOSÉ DO INHACORÁ
PR,75400,3765,490,13,DIAMANTE D&apos;OESTE
RS,87203,2035,468,23,NOVA BOA VISTA
ZZ,29599,2863,438,15.3,COPENHAGUE
PI,12335,3336,409,12.3,BELÉM DO PIAUÍ
PB,19500,3361,389,11.6,BERNARDINO BATISTA
RS,85081,2618,265,10.1,EREBANGO
SP,63673,1970,253,12.8,CRUZÁLIA
ZZ,29408,1512,241,15.9,BOGOTÁ
ZZ,29840,173,84,48.6,JACARTA
ZZ,29793,671,68,10.1,HONG KONG
ZZ,29858,65,65,100,KIEV
ZZ,29300,49,49,100,ARGEL
ZZ,30295,41,41,100,PASO LOS LIBRES
ZZ,99430,103,34,33,KINGSTON-JAMAICA
ZZ,30686,30,30,100,TRÍPOLI
ZZ,99104,29,29,100,TBILISI
ZZ,29521,27,27,100,CHUY
ZZ,29424,22,22,100,BRIDGETOWN
ZZ,99244,19,19,100,RIVERA
ZZ,29831,18,18,100,ISLAMABADE
ZZ,29939,18,18,100,LIBREVILLE
ZZ,39225,18,18,100,SÃO TOMÉ
ZZ,29378,115,17,14.8,BELGRADO
ZZ,29823,17,17,100,IQUITOS
ZZ,30201,112,17,15.2,NAIRÓBI
ZZ,29815,14,14,100,IAUNDÊ
ZZ,38881,13,13,100,BELMOPAN
ZZ,38989,13,13,100,IEREVAN
ZZ,39241,13,13,100,ASTANA
ZZ,30929,12,12,100,COLOMBO
ZZ,30988,12,12,100,SARAJEVO
ZZ,30669,10,10,100,GABORONE
ZZ,99171,10,10,100,BAGDÁ
ZZ,99333,10,10,100,ST GEORGES DE LOYAPOCK
ZZ,99139,9,9,100,TIRANA
ZZ,38920,8,8,100,COTONOU
ZZ,99236,8,8,100,PUERTO QUIJARRO
ZZ,29769,7,7,100,HARARE
ZZ,29963,7,7,100,LOMÉ
ZZ,99384,7,7,100,CASTRIES
ZZ,39284,6,6,100,UAGADUGU
ZZ,99341,6,6,100,LILONGUE
ZZ,99376,6,6,100,YANGON
ZZ,38903,5,5,100,CONACRI
ZZ,39128,5,5,100,BAKU
ZZ,39263,5,5,100,MALABO
ZZ,99350,5,5,100,BAMAKO
ZZ,99198,3,3,100,ABUJA
ZZ,99325,3,3,100,ADIS ABEBA
ZZ,39187,2,2,100,BRAZZAVILLE
ZZ,99210,1,1,100,COBIJA
