faixa,bruto,uf,M_B,P_mun,P_ua_ordem,P_ua_aleat,P_ua_prop,P_ua_nenhuma,P_ca_prop,P_ca_nenhuma,P_ua_prop_4m
"(0,2]",6.37433078759356,5.17498024194916,6.66131284693016,3.3383048319603,4.05018800313795,4.19892920553646,4.26614203374325,4.82952797937812,3.49727654462565,4.88627082822026,4.91204651908337
"(2,5]",5.80451300958783,0.518509983957149,9.11700423559784,0.198412449348206,0.288331363147587,0.334885840142973,0.352017904406599,0.361594772406404,0.538178112682708,0.295522185538377,0.424253005572095
"(5,10]",3.78285761075933,1.35673894596024,6.27200353335082,0.108317344408271,0.0966012071123679,0.13288919415772,0.145223377749376,0.334177777364836,0.133543044672479,0.537016583442596,0.192272284860723
"(10,20]",2.65129024317222,0.716200503259364,1.3892256805435,0.11297732126739,0.123616280901318,0.120158564455127,0.135417287946282,0.731867759146522,0.0528651227968376,0.762692658197448,0.115550965917732
"(20,30]",2.17336295956438,0.774462798233218,0.589150788824015,0.045366117825311,0.0469356472130607,0.040264751342974,0.0350877633481887,0.256741011245898,0.0332378767971949,0.258273023128571,0.0575156894600489
"(30,50]",1.54795358194184,0.900439098894637,0.569763174032802,0.0482156592693106,0.049164677681004,0.0204555100849069,0.0215691412223529,0.209142717975721,0.00957283455301328,0.200420907579995,0.0240113069037395
"(50,70]",0.991087357334794,0.694542573225504,0.495201323621361,0.0372508928519227,0.0369771048622347,0.010637673314165,0.0117753411618599,0.431500263870951,0.0146607395170445,0.418019237248926,0.0146246954933565
"(70,90]",0.577491770104507,0.396454306905594,0.112079545641372,0.00744304689015984,0.00922345614305375,0.0206151043384617,0.0207769205802899,0.195059425445734,0.00778785054578457,0.1677544397298,0.0393906023834073
"(90,100]",0.0950302669676134,0.0557672636460717,0.00425657193264724,0.00246822147109138,0.0026434351829599,0.00247887709043243,0.00238606167121171,0.0168057770677752,0.00208830421625644,0.0145300979105201,0.00381824411947683
