metodo,faixa,erro
bruto,"(0,5]",5.46575994723484
uf,"(0,5]",2.43804488492714
A_pesq,"(0,5]",6.04583451304114
A_zero,"(0,5]",5.0576879160309
B_zero,"(0,5]",5.06474935293589
B_pesq,"(0,5]",6.0529074710435
B_parc,"(0,5]",1.12827315121783
bruto,"(5,10]",5.55719489825919
uf,"(5,10]",1.69054539801137
A_pesq,"(5,10]",1.15756449486762
A_zero,"(5,10]",1.0557234516723
B_zero,"(5,10]",1.10854280046388
B_pesq,"(5,10]",1.21040894990414
B_parc,"(5,10]",0.0326768434804128
bruto,"(10,20]",5.00468100642711
uf,"(10,20]",2.01359920284079
A_pesq,"(10,20]",1.45217120211748
A_zero,"(10,20]",1.43933845207963
B_zero,"(10,20]",1.4114590397405
B_pesq,"(10,20]",1.42429408360442
B_parc,"(10,20]",0.0412259935237039
bruto,"(20,30]",4.78389859201643
uf,"(20,30]",1.95356314201501
A_pesq,"(20,30]",2.15580590117118
A_zero,"(20,30]",2.16710179943553
B_zero,"(20,30]",1.93668184750233
B_pesq,"(20,30]",1.9254053269197
B_parc,"(20,30]",0.0358056537873001
bruto,"(30,40]",4.34228429281314
uf,"(30,40]",1.74964168279191
A_pesq,"(30,40]",0.837080141452748
A_zero,"(30,40]",0.841265796786711
B_zero,"(30,40]",0.560952199674525
B_pesq,"(30,40]",0.556792351494341
B_parc,"(30,40]",0.0188280755644995
bruto,"(40,50]",3.7406107685043
uf,"(40,50]",1.45864414522573
A_pesq,"(40,50]",0.450845535879661
A_zero,"(40,50]",0.453053765933681
B_zero,"(40,50]",0.172740825194396
B_pesq,"(40,50]",0.171518302646848
B_parc,"(40,50]",0.0317463149953928
bruto,"(50,60]",3.15492228276899
uf,"(50,60]",1.19195720029616
A_pesq,"(50,60]",0.59140742522187
A_zero,"(50,60]",0.592766682819602
B_zero,"(50,60]",0.291111658747806
B_pesq,"(50,60]",0.289769563784745
B_parc,"(50,60]",0.0577302279226551
bruto,"(60,70]",2.68796587118666
uf,"(60,70]",0.968330478710708
A_pesq,"(60,70]",0.35342910885333
A_zero,"(60,70]",0.354073625284002
B_zero,"(60,70]",0.0957691146954071
B_pesq,"(60,70]",0.0951357549586876
B_parc,"(60,70]",0.0563484203621817
bruto,"(70,80]",2.15108846834378
uf,"(70,80]",0.791750400390768
A_pesq,"(70,80]",0.138202287249999
A_zero,"(70,80]",0.138417093581892
B_zero,"(70,80]",0.0655516937161547
B_pesq,"(70,80]",0.065710250482078
B_parc,"(70,80]",0.0465998021736136
bruto,"(80,90]",1.61641628682999
uf,"(80,90]",0.633195524995552
A_pesq,"(80,90]",0.0921663464168276
A_zero,"(80,90]",0.0922344338147321
B_zero,"(80,90]",0.0921887723648984
B_pesq,"(80,90]",0.0922549427609873
B_parc,"(80,90]",0.0585640554862654
bruto,"(90,100]",0.347385538299442
uf,"(90,100]",0.140266849440121
A_pesq,"(90,100]",0.0239591199620106
A_zero,"(90,100]",0.0239691579304807
B_zero,"(90,100]",0.0222221492474825
B_pesq,"(90,100]",0.0222318051306075
B_parc,"(90,100]",0.015204154416355
