faixa,bruto,uf,M_A,M_B,P_mun,P_mun_ua,P_mun_ua_sem,P_mun_ca,P_zona_ua,P_mun_ua_zero
"(0,2]",5.16057289591343,2.9445686188102,6.9318736808881,6.93386798105304,1.63549962541449,1.89060597082448,2.0056290305683,1.98603828886508,1.84170207811446,1.22950908507694
"(2,5]",6.02526954132408,1.50941803947485,4.42142937198839,4.43781320269267,0.198357948523945,0.165097547078042,0.233838191232337,0.224318388079073,0.11990508906096,0.158166981023571
"(5,10]",5.55719489825919,1.69054539801137,1.15756449486762,1.21040894990414,0.0326768434804128,0.0375222928969007,0.277622203461413,0.260841165273538,0.0449358008624362,0.0393533974832702
"(10,20]",5.00468100642711,2.01359920284079,1.45217120211748,1.42429408360442,0.0412259935237039,0.0223034358215024,0.223591707825274,0.229236635371178,0.0752887913576299,0.0228021533395087
"(20,30]",4.78389859201643,1.95356314201501,2.15580590117118,1.9254053269197,0.0358056537873001,0.0463139903944014,0.16861377208244,0.174129209958703,0.0922271026870203,0.0468389976981176
"(30,50]",4.04144753065872,1.60414291400882,0.643962838666204,0.364155327070594,0.0252871952799461,0.0230155135470668,0.252848781138797,0.251126822629088,0.0599941597726736,0.0230298279398536
"(50,70]",2.96813971813606,1.10250651166198,0.496216098674454,0.211916040254322,0.0571775048984657,0.0573038534485248,0.116609091177107,0.113023842075838,0.0186257992879341,0.0571143091687276
"(70,90]",1.93721959573827,0.728328450232682,0.11978791091673,0.0763281273936417,0.0513855034986743,0.0500633236594772,0.0910095958598239,0.0811352596682546,0.0164311046183235,0.0499365445952893
"(90,100]",0.347385538299442,0.140266849440121,0.0239585381843103,0.0222323793830809,0.0152045055945272,0.0156772324598948,0.00564675460066197,0.00571105310671377,0.0119869692436542,0.0156559006436978
